{"cameraMode":{"drawMode":0,"name":"Shaded","section":"Shading Mode"},"sceneLighting":true,"audioPlay":false,"sceneViewState":{"m_AlwaysRefresh":false,"showFog":true,"showSkybox":true,"showFlares":true,"showImageEffects":true,"showParticleSystems":true,"showVisualEffectGraphs":true,"m_FxEnabled":true},"in2DMode":false,"pivot":{"x":19.04315185546875,"y":0.07324695587158203,"z":-4.1427459716796879},"rotation":{"x":0.08649712055921555,"y":0.6359276175498962,"z":-0.07204502820968628,"w":0.7634900212287903},"size":22.08432960510254,"orthographic":false}