{"cameraMode":{"drawMode":0,"name":"Shaded","section":"Shading Mode"},"sceneLighting":true,"audioPlay":false,"sceneViewState":{"m_AlwaysRefresh":false,"showFog":true,"showSkybox":true,"showFlares":true,"showImageEffects":true,"showParticleSystems":true,"showVisualEffectGraphs":true,"m_FxEnabled":true},"in2DMode":false,"pivot":{"x":-0.20219182968139649,"y":8.416337013244629,"z":11.912952423095704},"rotation":{"x":0.05616150423884392,"y":0.8903601765632629,"z":-0.11442216485738754,"w":0.4370329678058624},"size":6.96054220199585,"orthographic":false}